text,sentiment
I absolutely love this product,Positive
This is amazing and works perfectly,Positive
Excellent service and very friendly staff,Positive
I am very happy with the experience,Positive
The quality is outstanding,Positive
Fantastic app and easy to use,Positive
The delivery was fast and excellent,Positive
I highly recommend this to everyone,Positive
This is wonderful and impressive,Positive
Great job, I really enjoyed it,Positive
The support team solved my problem quickly,Positive
Beautiful design and excellent performance,Positive
I am satisfied with my purchase,Positive
This product exceeded my expectations,Positive
The experience was pleasant and smooth,Positive
Very good value for money,Positive
I like the simple and clean interface,Positive
Everything worked exactly as expected,Positive
The result is brilliant,Positive
Amazing quality and great service,Positive
I hate this product,Negative
This is terrible and completely useless,Negative
Very poor service and rude staff,Negative
I am disappointed with the experience,Negative
The quality is awful,Negative
The app is slow and frustrating,Negative
Delivery was late and damaged,Negative
I would not recommend this to anyone,Negative
This is a horrible experience,Negative
It stopped working after one day,Negative
Customer support was unhelpful,Negative
The design is confusing and bad,Negative
I regret buying this product,Negative
The performance is extremely poor,Negative
This was a waste of money,Negative
I am unhappy with my purchase,Negative
Nothing works properly,Negative
The experience was frustrating,Negative
Very bad quality and terrible service,Negative
This product failed completely,Negative
The product arrived yesterday,Neutral
I used the application today,Neutral
The package contains three items,Neutral
The meeting is scheduled for Monday,Neutral
The service is available in my area,Neutral
The product has a blue color,Neutral
I received an email this morning,Neutral
The application has five sections,Neutral
The order number is 1024,Neutral
The store opens at nine,Neutral
The system was updated yesterday,Neutral
The report contains ten pages,Neutral
I am checking the available options,Neutral
The customer asked a question,Neutral
The device has two buttons,Neutral
The website shows the product details,Neutral
The package was delivered today,Neutral
The account was created recently,Neutral
The user changed the password,Neutral
